Workbook

Sheet 签字
A1: 创崎新能源技术（上海）有限公司员工2026年5月考勤表
A4: 签名 | B4: 姓名 | C4: 时间 | D4: 1 | E4: 2 | F4: 3 | G4: 4 | H4: 5 | I4: 6 | J4: 7 | K4: 8 | L4: 9 | M4: 10 | N4: 11 | O4: 12 | P4: 13 | Q4: 14 | R4: 15 | S4: 16 | T4: 17 | U4: 18 | V4: 19 | W4: 20 | X4: 21 | Y4: 22 | Z4: 23 | AA4: 24 | AB4: 25 | AC4: 26 | AD4: 27 | AE4: 28 | AF4: 29 | AG4: 30 | AH4: 31 | AI4: 出勤天数 | AJ4: 事假 | AK4: 病假 | AL4: 年假 | AM4: 调休 | AN4: 旷工 | AO4: 迟到 | AP4: 缺卡
D5: √=出勤 ◇=事假 ○=病假 △=年假 ☆=调休 ×=旷工 迟=迟到 缺=缺卡
B6: 陈鹏 | C6: 上午 | AI6: =COUNTIF(D6:AH7,"√")/2 | AJ6: =COUNTIF(D6:AH7,"◇") | AK6: =COUNTIF(D6:AH7,"○") | AL6: =COUNTIF(D6:AH7,"△") | AM6: =COUNTIF(D6:AH7,"☆") | AN6: =COUNTIF(D6:AH7,"×") | AO6: =COUNTIF(D6:AH7,"迟") | AP6: =COUNTIF(D6:AH7,"缺")
C7: 下午
B8: 芮超杰 | C8: 上午 | AI8: =COUNTIF(D8:AH9,"√")/2 | AJ8: =COUNTIF(D8:AH9,"◇") | AK8: =COUNTIF(D8:AH9,"○") | AL8: =COUNTIF(D8:AH9,"△") | AM8: =COUNTIF(D8:AH9,"☆") | AN8: =COUNTIF(D8:AH9,"×") | AO8: =COUNTIF(D8:AH9,"迟") | AP8: =COUNTIF(D8:AH9,"缺")
C9: 下午
B10: 张成 | C10: 上午 | AI10: =COUNTIF(D10:AH11,"√")/2 | AJ10: =COUNTIF(D10:AH11,"◇") | AK10: =COUNTIF(D10:AH11,"○") | AL10: =COUNTIF(D10:AH11,"△") | AM10: =COUNTIF(D10:AH11,"☆") | AN10: =COUNTIF(D10:AH11,"×") | AO10: =COUNTIF(D10:AH11,"迟") | AP10: =COUNTIF(D10:AH11,"缺")
C11: 下午
B12: 李明 | C12: 上午 | AI12: =COUNTIF(D12:AH13,"√")/2 | AJ12: =COUNTIF(D12:AH13,"◇") | AK12: =COUNTIF(D12:AH13,"○") | AL12: =COUNTIF(D12:AH13,"△") | AM12: =COUNTIF(D12:AH13,"☆") | AN12: =COUNTIF(D12:AH13,"×") | AO12: =COUNTIF(D12:AH13,"迟") | AP12: =COUNTIF(D12:AH13,"缺")
C13: 下午
B14: 王芳 | C14: 上午 | AI14: =COUNTIF(D14:AH15,"√")/2 | AJ14: =COUNTIF(D14:AH15,"◇") | AK14: =COUNTIF(D14:AH15,"○") | AL14: =COUNTIF(D14:AH15,"△") | AM14: =COUNTIF(D14:AH15,"☆") | AN14: =COUNTIF(D14:AH15,"×") | AO14: =COUNTIF(D14:AH15,"迟") | AP14: =COUNTIF(D14:AH15,"缺")
C15: 下午

Sheet 情况说明
A1: 姓名 | B1: 日期 | C1: 异常情况 | D1: 是否补单 | E1: 备注

Sheet 月度汇总
A1: 创崎新能源技术（上海）有限公司
A2: 2026年5月考勤月度汇总
A3: 员工信息 | F3: 月度统计 | AJ3: 每日考勤状态 | BO3: 辅助计算列
A4: 姓名 | B4: 考勤组 | C4: 部门 | D4: 工号 | E4: 职位 | F4: 应出勤天数 | G4: 实际出勤天数 | H4: 事假(天) | I4: 病假(天) | J4: 年假(天) | K4: 调休(天) | L4: 加班(小时) | M4: 旷工(次) | N4: 迟到(次) | O4: 缺卡(次) | P4: 出勤率 | Q4: 异常情况 | R4: 是否补单 | S4: 备注 | T4: 签字表出勤 | U4: 签字表事假 | V4: 签字表病假 | W4: 签字表年假 | X4: 签字表调休 | Y4: 签字表旷工 | Z4: 签字表迟到 | AA4: 签字表缺卡 | AB4: 事假(小时) | AC4: 病假(小时) | AD4: 年假(小时) | AE4: 调休(小时) | AF4: 平日加班 | AG4: 周末加班 | AH4: 节假日加班 | AI4: 加班合计 | AJ4: 1 | AK4: 2 | AL4: 3 | AM4: 4 | AN4: 5 | AO4: 6 | AP4: 7 | AQ4: 8 | AR4: 9 | AS4: 10 | AT4: 11 | AU4: 12 | AV4: 13 | AW4: 14 | AX4: 15 | AY4: 16 | AZ4: 17 | BA4: 18 | BB4: 19 | BC4: 20 | BD4: 21 | BE4: 22 | BF4: 23 | BG4: 24 | BH4: 25 | BI4: 26 | BJ4: 27 | BK4: 28 | BL4: 29 | BM4: 30 | BN4: 31 | BO4: 异常汇总 | BP4: 旷工次数 | BQ4: 迟到次数 | BR4: 缺卡次数 | BS4: 是否补单 | BT4: 备注
A5: 陈鹏 | B5: 默认考勤组 | C5: 朋创 | D5: E001 | E5: 工程师 | F5: 31 | G5: =COUNTIF(AJ5:BN5,"√") | H5: =COUNTIF(AJ5:BN5,"◇")/2 | I5: =COUNTIF(AJ5:BN5,"○")/2 | J5: =COUNTIF(AJ5:BN5,"△")/2 | K5: =COUNTIF(AJ5:BN5,"☆")/2 | L5: ='加班结算加班工资'!H5 | M5: =COUNTIF(AJ5:BN5,"×") | N5: =COUNTIF(AJ5:BN5,"迟") | O5: =COUNTIF(AJ5:BN5,"缺") | P5: =IF(F5=0,0,G5/F5) | T5: =签字!AI6 | U5: =签字!AJ6 | V5: =签字!AK6 | W5: =签字!AL6 | X5: =签字!AM6 | Y5: =签字!AN6 | Z5: =签字!AO6 | AA5: =签字!AP6 | AB5: =H5*8 | AC5: =I5*8 | AD5: =J5*8 | AE5: =K5*8 | AF5: ='加班结算加班工资'!E5 | AG5: ='加班结算加班工资'!F5 | AH5: ='加班结算加班工资'!G5 | AI5: ='加班结算加班工资'!H5 | BO5: =IF(M5+N5+O5>0,"旷工"&M5&"次 迟到"&N5&"次 缺卡"&O5&"次","正常") | BP5: =M5 | BQ5: =N5 | BR5: =O5 | BS5: =R5 | BT5: =S5
A6: 芮超杰 | B6: 默认考勤组 | C6: 电机部 | D6: E002 | E6: 技术员 | F6: 31 | G6: =COUNTIF(AJ6:BN6,"√") | H6: =COUNTIF(AJ6:BN6,"◇")/2 | I6: =COUNTIF(AJ6:BN6,"○")/2 | J6: =COUNTIF(AJ6:BN6,"△")/2 | K6: =COUNTIF(AJ6:BN6,"☆")/2 | L6: ='加班结算加班工资'!H6 | M6: =COUNTIF(AJ6:BN6,"×") | N6: =COUNTIF(AJ6:BN6,"迟") | O6: =COUNTIF(AJ6:BN6,"缺") | P6: =IF(F6=0,0,G6/F6) | T6: =签字!AI8 | U6: =签字!AJ8 | V6: =签字!AK8 | W6: =签字!AL8 | X6: =签字!AM8 | Y6: =签字!AN8 | Z6: =签字!AO8 | AA6: =签字!AP8 | AB6: =H6*8 | AC6: =I6*8 | AD6: =J6*8 | AE6: =K6*8 | AF6: ='加班结算加班工资'!E6 | AG6: ='加班结算加班工资'!F6 | AH6: ='加班结算加班工资'!G6 | AI6: ='加班结算加班工资'!H6 | BO6: =IF(M6+N6+O6>0,"旷工"&M6&"次 迟到"&N6&"次 缺卡"&O6&"次","正常") | BP6: =M6 | BQ6: =N6 | BR6: =O6 | BS6: =R6 | BT6: =S6
A7: 张成 | B7: 默认考勤组 | C7: 项目推进部 | D7: E003 | E7: 项目经理 | F7: 31 | G7: =COUNTIF(AJ7:BN7,"√") | H7: =COUNTIF(AJ7:BN7,"◇")/2 | I7: =COUNTIF(AJ7:BN7,"○")/2 | J7: =COUNTIF(AJ7:BN7,"△")/2 | K7: =COUNTIF(AJ7:BN7,"☆")/2 | L7: ='加班结算加班工资'!H7 | M7: =COUNTIF(AJ7:BN7,"×") | N7: =COUNTIF(AJ7:BN7,"迟") | O7: =COUNTIF(AJ7:BN7,"缺") | P7: =IF(F7=0,0,G7/F7) | T7: =签字!AI10 | U7: =签字!AJ10 | V7: =签字!AK10 | W7: =签字!AL10 | X7: =签字!AM10 | Y7: =签字!AN10 | Z7: =签字!AO10 | AA7: =签字!AP10 | AB7: =H7*8 | AC7: =I7*8 | AD7: =J7*8 | AE7: =K7*8 | AF7: ='加班结算加班工资'!E7 | AG7: ='加班结算加班工资'!F7 | AH7: ='加班结算加班工资'!G7 | AI7: ='加班结算加班工资'!H7 | BO7: =IF(M7+N7+O7>0,"旷工"&M7&"次 迟到"&N7&"次 缺卡"&O7&"次","正常") | BP7: =M7 | BQ7: =N7 | BR7: =O7 | BS7: =R7 | BT7: =S7
A8: 李明 | B8: 默认考勤组 | C8: 品质部 | D8: E004 | E8: 质检员 | F8: 31 | G8: =COUNTIF(AJ8:BN8,"√") | H8: =COUNTIF(AJ8:BN8,"◇")/2 | I8: =COUNTIF(AJ8:BN8,"○")/2 | J8: =COUNTIF(AJ8:BN8,"△")/2 | K8: =COUNTIF(AJ8:BN8,"☆")/2 | L8: ='加班结算加班工资'!H8 | M8: =COUNTIF(AJ8:BN8,"×") | N8: =COUNTIF(AJ8:BN8,"迟") | O8: =COUNTIF(AJ8:BN8,"缺") | P8: =IF(F8=0,0,G8/F8) | T8: =签字!AI12 | U8: =签字!AJ12 | V8: =签字!AK12 | W8: =签字!AL12 | X8: =签字!AM12 | Y8: =签字!AN12 | Z8: =签字!AO12 | AA8: =签字!AP12 | AB8: =H8*8 | AC8: =I8*8 | AD8: =J8*8 | AE8: =K8*8 | AF8: ='加班结算加班工资'!E8 | AG8: ='加班结算加班工资'!F8 | AH8: ='加班结算加班工资'!G8 | AI8: ='加班结算加班工资'!H8 | BO8: =IF(M8+N8+O8>0,"旷工"&M8&"次 迟到"&N8&"次 缺卡"&O8&"次","正常") | BP8: =M8 | BQ8: =N8 | BR8: =O8 | BS8: =R8 | BT8: =S8
A9: 王芳 | B9: 默认考勤组 | C9: 行政部 | D9: E005 | E9: 人事专员 | F9: 31 | G9: =COUNTIF(AJ9:BN9,"√") | H9: =COUNTIF(AJ9:BN9,"◇")/2 | I9: =COUNTIF(AJ9:BN9,"○")/2 | J9: =COUNTIF(AJ9:BN9,"△")/2 | K9: =COUNTIF(AJ9:BN9,"☆")/2 | L9: ='加班结算加班工资'!H9 | M9: =COUNTIF(AJ9:BN9,"×") | N9: =COUNTIF(AJ9:BN9,"迟") | O9: =COUNTIF(AJ9:BN9,"缺") | P9: =IF(F9=0,0,G9/F9) | T9: =签字!AI14 | U9: =签字!AJ14 | V9: =签字!AK14 | W9: =签字!AL14 | X9: =签字!AM14 | Y9: =签字!AN14 | Z9: =签字!AO14 | AA9: =签字!AP14 | AB9: =H9*8 | AC9: =I9*8 | AD9: =J9*8 | AE9: =K9*8 | AF9: ='加班结算加班工资'!E9 | AG9: ='加班结算加班工资'!F9 | AH9: ='加班结算加班工资'!G9 | AI9: ='加班结算加班工资'!H9 | BO9: =IF(M9+N9+O9>0,"旷工"&M9&"次 迟到"&N9&"次 缺卡"&O9&"次","正常") | BP9: =M9 | BQ9: =N9 | BR9: =O9 | BS9: =R9 | BT9: =S9

Sheet 加班结算加班工资
A1: 创崎新能源技术（上海）有限公司2026年5月加班结算及加班工资
A3: 姓名 | B3: 工号 | C3: 部门 | D3: 职位 | E3: 平日加班(小时) | F3: 周末加班(小时) | G3: 节假日加班(小时) | H3: 加班总时长 | I3: 加班单价(元/小时) | J3: 加班工资(元) | K3: 备注
A4: 陈鹏 | B4: E001 | C4: 朋创 | D4: 工程师 | E4: 0 | F4: 0 | G4: 0 | H4: =E4+F4+G4 | I4: 0 | J4: =H4*I4*1.5
A5: 芮超杰 | B5: E002 | C5: 电机部 | D5: 技术员 | E5: 0 | F5: 0 | G5: 0 | H5: =E5+F5+G5 | I5: 0 | J5: =H5*I5*1.5
A6: 张成 | B6: E003 | C6: 项目推进部 | D6: 项目经理 | E6: 0 | F6: 0 | G6: 0 | H6: =E6+F6+G6 | I6: 0 | J6: =H6*I6*1.5
A7: 李明 | B7: E004 | C7: 品质部 | D7: 质检员 | E7: 0 | F7: 0 | G7: 0 | H7: =E7+F7+G7 | I7: 0 | J7: =H7*I7*1.5
A8: 王芳 | B8: E005 | C8: 行政部 | D8: 人事专员 | E8: 0 | F8: 0 | G8: 0 | H8: =E8+F8+G8 | I8: 0 | J8: =H8*I8*1.5
D10: 合计 | E10: =SUM(E4:E8) | F10: =SUM(F4:F8) | G10: =SUM(G4:G8) | H10: =SUM(H4:H8) | J10: =SUM(J4:J8)
